Category,Name
ILLUSTRATION,ILLUSTRATION_A-1.ai
ILLUSTRATION,ILLUSTRATION_A-1.png
ILLUSTRATION,ILLUSTRATION_A-2.ai
ILLUSTRATION,ILLUSTRATION_A-2.png
ILLUSTRATION,ILLUSTRATION_B-1.ai
ILLUSTRATION,ILLUSTRATION_B-1.png
ILLUSTRATION,ILLUSTRATION_B-2.ai
ILLUSTRATION,ILLUSTRATION_B-2.png
ILLUSTRATION,ILLUSTRATION_C-1.ai
ILLUSTRATION,ILLUSTRATION_C-1.png
ILLUSTRATION,ILLUSTRATION_C-2.ai
ILLUSTRATION,ILLUSTRATION_C-2.png
ILLUSTRATION,ILLUSTRATION_D-1.ai
ILLUSTRATION,ILLUSTRATION_D-1.png
ILLUSTRATION,ILLUSTRATION_D-2.ai
ILLUSTRATION,ILLUSTRATION_D-2.png
ILLUSTRATION,ILLUSTRATION_E-1.ai
ILLUSTRATION,ILLUSTRATION_E-1.png
ILLUSTRATION,ILLUSTRATION_E-10.ai
ILLUSTRATION,ILLUSTRATION_E-10.png
ILLUSTRATION,ILLUSTRATION_E-11.ai
ILLUSTRATION,ILLUSTRATION_E-11.png
ILLUSTRATION,ILLUSTRATION_E-12.ai
ILLUSTRATION,ILLUSTRATION_E-12.png
ILLUSTRATION,ILLUSTRATION_E-13.ai
ILLUSTRATION,ILLUSTRATION_E-13.png
ILLUSTRATION,ILLUSTRATION_E-14.ai
ILLUSTRATION,ILLUSTRATION_E-14.png
ILLUSTRATION,ILLUSTRATION_E-15.ai
ILLUSTRATION,ILLUSTRATION_E-15.png
ILLUSTRATION,ILLUSTRATION_E-16.ai
ILLUSTRATION,ILLUSTRATION_E-16.png
ILLUSTRATION,ILLUSTRATION_E-17.ai
ILLUSTRATION,ILLUSTRATION_E-17.png
ILLUSTRATION,ILLUSTRATION_E-18.ai
ILLUSTRATION,ILLUSTRATION_E-18.png
ILLUSTRATION,ILLUSTRATION_E-19.ai
ILLUSTRATION,ILLUSTRATION_E-19.png
ILLUSTRATION,ILLUSTRATION_E-2.ai
ILLUSTRATION,ILLUSTRATION_E-2.png
ILLUSTRATION,ILLUSTRATION_E-20.ai
ILLUSTRATION,ILLUSTRATION_E-20.png
ILLUSTRATION,ILLUSTRATION_E-21.ai
ILLUSTRATION,ILLUSTRATION_E-21.png
ILLUSTRATION,ILLUSTRATION_E-3.ai
ILLUSTRATION,ILLUSTRATION_E-3.png
ILLUSTRATION,ILLUSTRATION_E-4.ai
ILLUSTRATION,ILLUSTRATION_E-4.png
ILLUSTRATION,ILLUSTRATION_E-5.ai
ILLUSTRATION,ILLUSTRATION_E-5.png
ILLUSTRATION,ILLUSTRATION_E-6.ai
ILLUSTRATION,ILLUSTRATION_E-6.png
ILLUSTRATION,ILLUSTRATION_E-7.ai
ILLUSTRATION,ILLUSTRATION_E-7.png
ILLUSTRATION,ILLUSTRATION_E-8.ai
ILLUSTRATION,ILLUSTRATION_E-8.png
ILLUSTRATION,ILLUSTRATION_E-9.ai
ILLUSTRATION,ILLUSTRATION_E-9.png
ILLUSTRATION,ILLUSTRATION_F-1_takadai_BW.ai
ILLUSTRATION,ILLUSTRATION_F-1_takadai_BW.jpg
ILLUSTRATION,ILLUSTRATION_F-1_takadai_BW.psd
ILLUSTRATION,ILLUSTRATION_F-1_takadai_RGB.ai
ILLUSTRATION,ILLUSTRATION_F-1_takadai_RGB.jpg
ILLUSTRATION,ILLUSTRATION_F-1_takadai_RGB.psd
ILLUSTRATION,ILLUSTRATION_F-1_takadai_CMYK.ai
ILLUSTRATION,ILLUSTRATION_F-1_takadai_CMYK.psd
ILLUSTRATION,ILLUSTRATION_F-2_kujira_BW.ai
ILLUSTRATION,ILLUSTRATION_F-2_kujira_BW.jpg
ILLUSTRATION,ILLUSTRATION_F-2_kujira_BW.psd
ILLUSTRATION,ILLUSTRATION_F-2_kujira_RGB.ai
ILLUSTRATION,ILLUSTRATION_F-2_kujira_RGB.jpg
ILLUSTRATION,ILLUSTRATION_F-2_kujira_RGB.psd
ILLUSTRATION,ILLUSTRATION_F-2_kujira_CMYK.ai
ILLUSTRATION,ILLUSTRATION_F-2_kujira_CMYK.psd
ILLUSTRATION,ILLUSTRATION_F-3_shio_BW.ai
ILLUSTRATION,ILLUSTRATION_F-3_shio_BW.jpg
ILLUSTRATION,ILLUSTRATION_F-3_shio_BW.psd
ILLUSTRATION,ILLUSTRATION_F-3_shio_RGB.ai
ILLUSTRATION,ILLUSTRATION_F-3_shio_RGB.jpg
ILLUSTRATION,ILLUSTRATION_F-3_shio_RGB.psd
ILLUSTRATION,ILLUSTRATION_F-3_shio_CMYK.ai
ILLUSTRATION,ILLUSTRATION_F-3_shio_CMYK.psd
ILLUSTRATION,ILLUSTRATION_F-4_hyugamisaki_BW.ai
ILLUSTRATION,ILLUSTRATION_F-4_hyugamisaki_BW.jpg
ILLUSTRATION,ILLUSTRATION_F-4_hyugamisaki_BW.psd
ILLUSTRATION,ILLUSTRATION_F-4_hyugamisaki_RGB.ai
ILLUSTRATION,ILLUSTRATION_F-4_hyugamisaki_RGB.jpg
ILLUSTRATION,ILLUSTRATION_F-4_hyugamisaki_RGB.psd
ILLUSTRATION,ILLUSTRATION_F-4_hyugamisaki_CMYK.ai
ILLUSTRATION,ILLUSTRATION_F-4_hyugamisaki_CMYK.psd
ILLUSTRATION,ILLUSTRATION_F-5_okuragahama_BW.ai
ILLUSTRATION,ILLUSTRATION_F-5_okuragahama_BW.jpg
ILLUSTRATION,ILLUSTRATION_F-5_okuragahama_BW.psd
ILLUSTRATION,ILLUSTRATION_F-5_okuragahama_RGB.ai
ILLUSTRATION,ILLUSTRATION_F-5_okuragahama_RGB.jpg
ILLUSTRATION,ILLUSTRATION_F-5_okuragahama_RGB.psd
ILLUSTRATION,ILLUSTRATION_F-5_okuragahama_CMYK.ai
ILLUSTRATION,ILLUSTRATION_F-5_okuragahama_CMYK.psd
ILLUSTRATION,ILLUSTRATION_F-6_BBQ_BW.ai
ILLUSTRATION,ILLUSTRATION_F-6_BBQ_BW.jpg
ILLUSTRATION,ILLUSTRATION_F-6_BBQ_BW.psd
ILLUSTRATION,ILLUSTRATION_F-6_BBQ_RGB.ai
ILLUSTRATION,ILLUSTRATION_F-6_BBQ_RGB.jpg
ILLUSTRATION,ILLUSTRATION_F-6_BBQ_RGB.psd
ILLUSTRATION,ILLUSTRATION_F-6_BBQ_CMYK.ai
ILLUSTRATION,ILLUSTRATION_F-6_BBQ_CMYK.psd
ILLUSTRATION,ILLUSTRATION_F-7_mimitsu_BW.ai
ILLUSTRATION,ILLUSTRATION_F-7_mimitsu_BW.jpg
ILLUSTRATION,ILLUSTRATION_F-7_mimitsu_BW.psd
ILLUSTRATION,ILLUSTRATION_F-7_mimitsu_RGB.ai
ILLUSTRATION,ILLUSTRATION_F-7_mimitsu_RGB.jpg
ILLUSTRATION,ILLUSTRATION_F-7_mimitsu_RGB.psd
ILLUSTRATION,ILLUSTRATION_F-7_mimitsu_CMYK.ai
ILLUSTRATION,ILLUSTRATION_F-7_mimitsu_CMYK.psd
ILLUSTRATION,ILLUSTRATION_F-8_hyottoko_BW.ai
ILLUSTRATION,ILLUSTRATION_F-8_hyottoko_BW.jpg
ILLUSTRATION,ILLUSTRATION_F-8_hyottoko_BW.psd
ILLUSTRATION,ILLUSTRATION_F-8_hyottoko_RGB.ai
ILLUSTRATION,ILLUSTRATION_F-8_hyottoko_RGB.jpg
ILLUSTRATION,ILLUSTRATION_F-8_hyottoko_RGB.psd
ILLUSTRATION,ILLUSTRATION_F-8_hyottoko_CMYK.ai
ILLUSTRATION,ILLUSTRATION_F-8_hyottoko_CMYK.psd
ILLUSTRATION,ILLUSTRATION_F-9_bench_BW.ai
ILLUSTRATION,ILLUSTRATION_F-9_bench_BW.jpg
ILLUSTRATION,ILLUSTRATION_F-9_bench_BW.psd
ILLUSTRATION,ILLUSTRATION_F-9_bench_RGB.ai
ILLUSTRATION,ILLUSTRATION_F-9_bench_RGB.jpg
ILLUSTRATION,ILLUSTRATION_F-9_bench_RGB.psd
ILLUSTRATION,ILLUSTRATION_F-9_bench_CMYK.ai
ILLUSTRATION,ILLUSTRATION_F-9_bench_CMYK.psd
LOGO,LOGO_A-1.ai
LOGO,LOGO_A-1.png
LOGO,LOGO_A-2.ai
LOGO,LOGO_A-2.png
LOGO,LOGO_A-3.ai
LOGO,LOGO_A-3.png
LOGO,LOGO_A-4.ai
LOGO,LOGO_A-4.png
LOGO,LOGO_A-5.ai
LOGO,LOGO_A-5.png
LOGO,LOGO_A-6.ai
LOGO,LOGO_A-6.png
LOGO,LOGO_B-1.ai
LOGO,LOGO_B-1.png
LOGO,LOGO_B-2.ai
LOGO,LOGO_B-2.png
LOGO,LOGO_B-3.ai
LOGO,LOGO_B-3.png
LOGO,LOGO_B-4.ai
LOGO,LOGO_B-4.png
LOGO,LOGO_B-5.ai
LOGO,LOGO_B-5.png
LOGO,LOGO_B-6.ai
LOGO,LOGO_B-6.png
LOGO,LOGO_C-1.ai
LOGO,LOGO_C-1.png
LOGO,LOGO_C-2.ai
LOGO,LOGO_C-2.png
LOGO,LOGO_C-3.ai
LOGO,LOGO_C-3.png
LOGO,LOGO_C-4.ai
LOGO,LOGO_C-4.png
LOGO,LOGO_C-5.ai
LOGO,LOGO_C-5.png
LOGO,LOGO_C-6.ai
LOGO,LOGO_C-6.png
LOGO,LOGO_D-1.ai
LOGO,LOGO_D-1.png
LOGO,LOGO_D-2.ai
LOGO,LOGO_D-2.png
LOGO,LOGO_D-3.ai
LOGO,LOGO_D-3.png
LOGO,LOGO_D-4.ai
LOGO,LOGO_D-4.png
LOGO,LOGO_D-5.ai
LOGO,LOGO_D-5.png
LOGO,LOGO_D-6.ai
LOGO,LOGO_D-6.png
LOGO,LOGO_E-1.ai
LOGO,LOGO_E-1.png
LOGO,LOGO_E-2.ai
LOGO,LOGO_E-2.png
LOGO,LOGO_F-1.ai
LOGO,LOGO_F-1.png
LOGO,LOGO_F-2.ai
LOGO,LOGO_F-2.png
LOGO,LOGO_G-1.ai
LOGO,LOGO_G-1.png
LOGO,LOGO_G-2.ai
LOGO,LOGO_G-2.png
LOGO,LOGO_G-3.ai
LOGO,LOGO_G-3.png
LOGO,LOGO_G-4.ai
LOGO,LOGO_G-4.png
LOGO,LOGO_G-5.ai
LOGO,LOGO_G-5.png
LOGO,LOGO_G-6.ai
LOGO,LOGO_G-6.png
LOGO,LOGO_H-1.ai
LOGO,LOGO_H-1.png
LOGO,LOGO_H-2.ai
LOGO,LOGO_H-2.png
LOGO,LOGO_H-3.ai
LOGO,LOGO_H-3.png
LOGO,LOGO_H-4.ai
LOGO,LOGO_H-4.png
LOGO,LOGO_H-5.ai
LOGO,LOGO_H-5.png
LOGO,LOGO_H-6.ai
LOGO,LOGO_H-6.png
LOGO,LOGO_I-1.ai
LOGO,LOGO_I-1.png
LOGO,LOGO_I-2.ai
LOGO,LOGO_I-2.png
LOGO,LOGO_I-3.ai
LOGO,LOGO_I-3.png
LOGO,LOGO_I-4.ai
LOGO,LOGO_I-4.png
LOGO,LOGO_I-5.ai
LOGO,LOGO_I-5.png
LOGO,LOGO_I-6.ai
LOGO,LOGO_I-6.png
LOGO,LOGO_J-1.ai
LOGO,LOGO_J-1.png
LOGO,LOGO_J-2.ai
LOGO,LOGO_J-2.png
LOGO,LOGO_J-3.ai
LOGO,LOGO_J-3.png
LOGO,LOGO_J-4.ai
LOGO,LOGO_J-4.png
LOGO,LOGO_J-5.ai
LOGO,LOGO_J-5.png
LOGO,LOGO_J-6.ai
LOGO,LOGO_J-6.png
LOGO,LOGO_K-1.ai
LOGO,LOGO_K-1.png
LOGO,LOGO_K-2.ai
LOGO,LOGO_K-2.png
LOGO,LOGO_K-3.ai
LOGO,LOGO_K-3.png
LOGO,LOGO_K-4.ai
LOGO,LOGO_K-4.png
LOGO,LOGO_K-5.ai
LOGO,LOGO_K-5.png
LOGO,LOGO_K-6.ai
LOGO,LOGO_K-6.png
LOGO,LOGO_L-1.ai
LOGO,LOGO_L-1.png
LOGO,LOGO_L-2.ai
LOGO,LOGO_L-2.png
LOGO,LOGO_L-3.ai
LOGO,LOGO_L-3.png
LOGO,LOGO_L-4.ai
LOGO,LOGO_L-4.png
LOGO,LOGO_L-5.ai
LOGO,LOGO_L-5.png
LOGO,LOGO_L-6.ai
LOGO,LOGO_L-6.png
LOGO,LOGO_M-1.ai
LOGO,LOGO_M-1.png
LOGO,LOGO_M-2.ai
LOGO,LOGO_M-2.png
LOGO,LOGO_M-3.ai
LOGO,LOGO_M-3.png
LOGO,LOGO_M-4.ai
LOGO,LOGO_M-4.png
LOGO,LOGO_M-5.ai
LOGO,LOGO_M-5.png
LOGO,LOGO_M-6.ai
LOGO,LOGO_M-6.png
LOGO,LOGO_N-1.ai
LOGO,LOGO_N-1.png
LOGO,LOGO_N-2.ai
LOGO,LOGO_N-2.png
LOGO,LOGO_N-3.ai
LOGO,LOGO_N-3.png
LOGO,LOGO_N-4.ai
LOGO,LOGO_N-4.png
LOGO,LOGO_O-1.ai
LOGO,LOGO_O-1.png
LOGO,LOGO_O-2.ai
LOGO,LOGO_O-2.png
LOGO,LOGO_O-3.ai
LOGO,LOGO_O-3.png
LOGO,LOGO_O-4.ai
LOGO,LOGO_O-4.png
LOGO,LOGO_P-1.ai
LOGO,LOGO_P-1.png
LOGO,LOGO_P-2.ai
LOGO,LOGO_P-2.png
LOGO,LOGO_P-3.ai
LOGO,LOGO_P-3.png
LOGO,LOGO_P-4.ai
LOGO,LOGO_P-4.png
LOGO,LOGO_P-5.ai
LOGO,LOGO_P-5.png
LOGO,LOGO_P-6.ai
LOGO,LOGO_P-6.png
MESSAGE,MESSAGE_A-1.ai
MESSAGE,MESSAGE_A-1.png
MESSAGE,MESSAGE_A-2.ai
MESSAGE,MESSAGE_A-2.png
MESSAGE,MESSAGE_A-3.ai
MESSAGE,MESSAGE_A-3.png
MESSAGE,MESSAGE_B-1.ai
MESSAGE,MESSAGE_B-1.png
MESSAGE,MESSAGE_B-2.ai
MESSAGE,MESSAGE_B-2.png
MESSAGE,MESSAGE_B-3.ai
MESSAGE,MESSAGE_B-3.png
MESSAGE,MESSAGE_C.ai
MESSAGE,MESSAGE_C.png
POSTER,2026_hyuga_B1poster_statement_4000.jpg
POSTER,2026_hyuga_B2poster_bussan_4000.jpg
POSTER,2026_hyuga_B2poster_kanko_4000.jpg
POSTER,2026_hyuga_B2poster_KV_4000.jpg
